<?xml version="1.0" encoding="UTF-8"?>
<project-private xmlns="http://www.netbeans.org/ns/project-private/1">
    <editor-bookmarks xmlns="http://www.netbeans.org/ns/editor-bookmarks/2" lastBookmarkId="0"/>
    <open-files xmlns="http://www.netbeans.org/ns/projectui-open-files/2">
        <group>
            <file>file:/D:/Documentos/OptimizedDiagnosticSystem_Fail0verflow/06Code/OptimizedDiagnosticSystem/OptimizedDiagnosticSystem/src/ec/edu/espe/optimizeddiagnosticsystem/model/MedicalExams.java</file>
            <file>file:/D:/Documentos/OptimizedDiagnosticSystem_Fail0verflow/06Code/OptimizedDiagnosticSystem/OptimizedDiagnosticSystem/src/ec/edu/espe/optimizeddiagnosticsystem/model/Diagnostic.java</file>
            <file>file:/D:/Documentos/OptimizedDiagnosticSystem_Fail0verflow/06Code/OptimizedDiagnosticSystem/OptimizedDiagnosticSystem/src/ec/edu/espe/optimizeddiagnosticsystem/model/Doctor.java</file>
            <file>file:/D:/Documentos/OptimizedDiagnosticSystem_Fail0verflow/06Code/OptimizedDiagnosticSystem/OptimizedDiagnosticSystem/src/ec/edu/espe/optimizeddiagnosticsystem/model/Compount.java</file>
            <file>file:/D:/Documentos/OptimizedDiagnosticSystem_Fail0verflow/06Code/OptimizedDiagnosticSystem/OptimizedDiagnosticSystem/src/ec/edu/espe/optimizeddiagnosticsystem/model/MedicalRecipe.java</file>
            <file>file:/D:/Documentos/OptimizedDiagnosticSystem_Fail0verflow/06Code/OptimizedDiagnosticSystem/OptimizedDiagnosticSystem/src/ec/edu/espe/optimizeddiagnosticsystem/model/Patient.java</file>
            <file>file:/D:/Documentos/OptimizedDiagnosticSystem_Fail0verflow/06Code/OptimizedDiagnosticSystem/OptimizedDiagnosticSystem/src/ec/edu/espe/optimizeddiagnosticsystem/model/QRCode.java</file>
            <file>file:/D:/Documentos/OptimizedDiagnosticSystem_Fail0verflow/06Code/OptimizedDiagnosticSystem/OptimizedDiagnosticSystem/src/ec/edu/espe/optimizeddiagnosticsystem/model/Medication.java</file>
        </group>
    </open-files>
</project-private>
